theme	kind	mark	ground	floor	ratio
light	text	fg	bg	4.5	16.42
light	text	accent	bg	4.5	6.27
light	text	muted	bg	4.5	6.14
light	text	fg	band	4.5	14.89
light	text	accent	band	4.5	5.68
light	text	muted	band	4.5	5.56
light	text	fg	prov	4.5	15.01
light	text	accent	prov	4.5	5.73
light	text	muted	prov	4.5	5.61
light	text	fg	mark	4.5	15.16
light	text	accent	mark	4.5	5.79
light	line	muted	mark	3.0	5.67
dark	text	fg	bg	4.5	14.21
dark	text	accent	bg	4.5	8.61
dark	text	muted	bg	4.5	7.20
dark	text	fg	band	4.5	12.60
dark	text	accent	band	4.5	7.63
dark	text	muted	band	4.5	6.38
dark	text	fg	prov	4.5	12.88
dark	text	accent	prov	4.5	7.80
dark	text	muted	prov	4.5	6.52
dark	text	fg	mark	4.5	8.26
dark	text	accent	mark	4.5	5.01
dark	line	muted	mark	3.0	4.19
